Rank,Symbol,Close,State,Days_Since,Score,Last_Crossover_Type,SMA_20,SMA_50
1,BEL,408.6,BULLISH,2.0,98.0,BULLISH,409.365,407.07199999999995
2,IDEA,14.48,BULLISH,3.0,97.0,BULLISH,14.045000000000002,13.7882
3,NMDC,84.43,BULLISH,8.0,92.0,BULLISH,85.4675,84.89280000000001
4,LT,3992.8,BULLISH,13.0,87.0,BULLISH,4050.3050000000003,3985.5660000000003
5,MCX,3187.9,BULLISH,13.0,87.0,BULLISH,3104.0449999999996,2903.57
6,KOTAKBANK,422.7,BULLISH,14.0,86.0,BULLISH,404.01,394.33399999999995
7,SAIL,196.11,BULLISH,14.0,86.0,BULLISH,181.594,173.0508
8,RELIANCE,1309.0,BULLISH,15.0,85.0,BULLISH,1311.1150000000002,1303.16
9,JINDALSTEL,1142.3,BULLISH,17.0,83.0,BULLISH,1134.4,1088.26
10,PETRONET,290.3,BULLISH,17.0,83.0,BULLISH,287.6375,281.675
11,HINDALCO,1009.2,BULLISH,20.0,80.0,BULLISH,1039.2,995.421
12,NATIONALUM,373.95,BULLISH,21.0,79.0,BULLISH,388.6225,365.44300000000004
13,BERGEPAINT,489.3,BULLISH,23.0,77.0,BULLISH,521.43,514.6659999999999
14,JSWSTEEL,1298.3,BULLISH,27.0,73.0,BULLISH,1300.4900000000002,1270.768
15,INFY,1132.5,BULLISH,28.0,72.0,BULLISH,1145.2949999999998,1108.4720000000002
16,INDIANB,888.8,BULLISH,30.0,70.0,BULLISH,883.39,850.1669999999999
17,SIEMENS,4030.0,BULLISH,30.0,70.0,BULLISH,3997.535,3789.2740000000003
18,LTTS,3509.9,BULLISH,35.0,65.0,BULLISH,3563.595,3441.522
19,TCS,2333.9,BULLISH,35.0,65.0,BULLISH,2339.145,2267.144
20,JUBLFOOD,483.2,BULLISH,36.0,64.0,BULLISH,497.07,459.27
21,PERSISTENT,5655.5,BULLISH,37.0,63.0,BULLISH,5606.725,5281.897999999999
22,HEROMOTOCO,5289.5,BULLISH,38.0,62.0,BULLISH,5665.5,5302.476
23,ICICIPRULI,493.5,BULLISH,38.0,62.0,BULLISH,505.2174999999999,503.466
24,BAJAJ-AUTO,11999.0,BULLISH,41.0,59.0,BULLISH,11811.3,11104.54
25,PPLPHARMA,214.26,BULLISH,45.0,55.0,BULLISH,212.07750000000001,193.836
26,NESTLEIND,1416.9,BULLISH,50.0,50.0,BULLISH,1474.52,1466.9720000000002
27,TECHM,1596.2,BULLISH,50.0,50.0,BULLISH,1612.435,1557.134
28,JIOFIN,237.95,BULLISH,55.0,45.0,BULLISH,245.3125,243.59439999999998
29,M&M,3159.9,BULLISH,55.0,45.0,BULLISH,3380.665,3276.37
30,BAJAJFINSV,1984.7,BULLISH,58.0,42.0,BULLISH,2009.4550000000004,1945.2980000000002
31,PAYTM,1632.9,BULLISH,58.0,42.0,BULLISH,1620.8700000000001,1426.6280000000002
32,TVSMOTOR,4185.0,BULLISH,58.0,42.0,BULLISH,4355.295,4037.062
33,SBIN,1023.0,BULLISH,63.0,37.0,BULLISH,1054.7350000000001,1042.7160000000001
34,OBEROIRLTY,1900.5,BULLISH,64.0,36.0,BULLISH,1859.05,1853.858
35,TITAN,5015.0,BULLISH,64.0,36.0,BULLISH,5078.539999999999,4822.928
36,SHRIRAMFIN,1042.1,BULLISH,64.0,36.0,BULLISH,1108.49,1073.088
37,BAJFINANCE,1051.3,BULLISH,65.0,35.0,BULLISH,1081.4850000000001,1062.1960000000001
38,PNB,116.66,BULLISH,71.0,29.0,BULLISH,116.25800000000001,111.6208
39,ICICIBANK,1432.3,BULLISH,73.0,27.0,BULLISH,1424.17,1423.246
40,NAUKRI,1333.1,BULLISH,76.0,24.0,BULLISH,1337.95,1231.3809999999999
41,MPHASIS,2461.6,BULLISH,80.0,20.0,BULLISH,2468.255,2372.55
42,TORNTPHARM,4921.5,BULLISH,112.0,0.0,BULLISH,4944.125,4914.376
43,PIDILITIND,1635.0,BULLISH,118.0,0.0,BULLISH,1663.6600000000003,1625.866
44,INDUSINDBK,999.2,BULLISH,120.0,0.0,BULLISH,1009.89,1004.523
45,MOTHERSON,162.5,BULLISH,121.0,0.0,BULLISH,167.6395,155.0962
46,NYKAA,333.3,BULLISH,128.0,0.0,BULLISH,332.3475,327.123
47,BOSCHLTD,47000.0,BULLISH,133.0,0.0,BULLISH,47448.75,43814.7
48,SOLARINDS,21435.0,BULLISH,133.0,0.0,BULLISH,19896.45,18986.36
49,OFSS,12139.0,BULLISH,139.0,0.0,BULLISH,11868.5,11514.23
50,SONACOMS,803.3,BULLISH,139.0,0.0,BULLISH,808.9424999999999,743.8670000000001
51,AUROPHARMA,1631.0,BULLISH,181.0,0.0,BULLISH,1642.655,1596.1380000000001
52,BHARTIARTL,1865.3,BEARISH,0.0,0.0,BEARISH,1918.475,1919.348
53,APOLLOHOSP,8717.5,BEARISH,2.0,1.0,BEARISH,8781.575,8821.66
54,INDIGO,4979.0,BEARISH,2.0,1.0,BEARISH,5207.525,5247.191999999999
55,MARICO,823.8,BEARISH,2.0,1.0,BEARISH,845.8675000000001,851.0189999999999
56,ASIANPAINT,2544.0,BEARISH,3.0,1.5,BEARISH,2653.58,2684.406
57,MARUTI,12846.0,BEARISH,3.0,1.5,BEARISH,13603.95,13786.62
58,INDHOTEL,731.0,BEARISH,6.0,3.0,BEARISH,724.8525,729.568
59,SBILIFE,1715.0,BEARISH,6.0,3.0,BEARISH,1782.1399999999999,1814.348
60,PRESTIGE,1622.9,BEARISH,10.0,5.0,BEARISH,1601.74,1628.4620000000002
61,SHREECEM,23895.0,BEARISH,14.0,7.0,BEARISH,24574.0,25726.2
62,AMBUJACEM,403.0,BEARISH,15.0,7.5,BEARISH,414.03000000000003,425.04600000000005
63,NHPC,76.24,BEARISH,15.0,7.5,BEARISH,76.5055,78.2858
64,RECLTD,313.6,BEARISH,15.0,7.5,BEARISH,331.72,349.89599999999996
65,IOC,137.28,BEARISH,16.0,8.0,BEARISH,138.649,139.9798
66,MANKIND,2358.1,BEARISH,16.0,8.0,BEARISH,2398.225,2470.65
67,PIIND,2410.0,BEARISH,16.0,8.0,BEARISH,2507.17,2605.732
68,HINDPETRO,359.55,BEARISH,20.0,10.0,BEARISH,368.52,372.8310000000001
69,MAXHEALTH,994.4,BEARISH,20.0,10.0,BEARISH,1014.475,1069.6000000000001
70,ADANIENT,2892.2,BEARISH,21.0,10.5,BEARISH,3003.415,3058.696
71,PAGEIND,35600.0,BEARISH,22.0,11.0,BEARISH,36492.5,39040.7
72,ADANIGREEN,1284.0,BEARISH,34.0,17.0,BEARISH,1314.8849999999998,1411.338
73,ADANIPORTS,1700.4,BEARISH,35.0,17.5,BEARISH,1680.925,1746.69
74,TRENT,2826.0,BEARISH,35.0,17.5,BEARISH,2932.25,2988.782
75,LICHSGFIN,553.9,BEARISH,37.0,18.5,BEARISH,513.8050000000001,530.945
76,AXISBANK,1270.0,BEARISH,38.0,19.0,BEARISH,1245.7649999999999,1273.132
77,POLYCAB,8823.0,BEARISH,44.0,22.0,BEARISH,9126.525,9201.4
78,BANKBARODA,240.9,BEARISH,48.0,24.0,BEARISH,244.26399999999998,248.1116
79,ICICIGI,1515.0,BEARISH,48.0,24.0,BEARISH,1605.045,1667.8680000000002
80,JSWENERGY,536.0,BEARISH,48.0,24.0,BEARISH,547.2725,552.826
81,TIINDIA,2726.3,BEARISH,48.0,24.0,BEARISH,2826.21,2867.9320000000002
82,ADANIPOWER,207.42,BEARISH,59.0,29.5,BEARISH,206.59949999999998,212.83939999999998
83,INDUSTOWER,374.0,BEARISH,66.0,33.0,BEARISH,377.28000000000003,378.519
84,TATACONSUM,1015.1,BEARISH,78.0,39.0,BEARISH,1057.815,1082.3220000000001
85,TATASTEEL,183.55,BEARISH,83.0,41.5,BEARISH,185.648,186.88
86,HINDUNILVR,1962.0,BEARISH,87.0,43.5,BEARISH,2031.3799999999999,2095.3920000000003
87,NTPC,330.7,BEARISH,90.0,45.0,BEARISH,336.1875,343.976
88,ONGC,235.66,BEARISH,90.0,45.0,BEARISH,236.63999999999996,240.40599999999998
89,ITC,263.1,BEARISH,91.0,45.5,BEARISH,271.48,279.233
90,PFC,344.3,BEARISH,91.0,45.5,BEARISH,367.1775,396.885
91,IRCTC,475.6,BEARISH,92.0,46.0,BEARISH,493.28249999999997,498.47
92,TORNTPOWER,1287.0,BEARISH,92.0,46.0,BEARISH,1272.695,1354.1019999999999
93,MUTHOOTFIN,2939.0,BEARISH,97.0,48.5,BEARISH,2974.6099999999997,2997.8559999999998
94,POWERGRID,266.4,BEARISH,97.0,48.5,BEARISH,267.3225,277.802
95,PATANJALI,340.9,BEARISH,,0.0,NONE,350.15999999999997,365.65200000000004
